modelo,accuracy,sesgo,varianza
arbol_default,0.5407108646332242,0.9978392394122731,0.4571
arbol_mejorado,0.601209982354424,0.6526577355229041,0.0514
bosque_default,0.624653390471389,0.7355229040622299,0.1109
bosque_mejorado,0.6211242752709857,0.9065471045808124,0.2854
