modelo,accuracy,sesgo,varianza
arbol_default,0.5339047138895892,0.9978392394122731,0.4639
arbol_mejorado,0.601209982354424,0.6526577355229041,0.0514
bosque_default,0.6244013108142173,0.732713915298185,0.1083
bosque_mejorado,0.6211242752709857,0.9065471045808124,0.2854
