,precision,recall,f1-score,support
1,0.993993993993994,0.742152466367713,0.8498074454428755,446.0
2,0.4940898345153664,0.21370143149284254,0.2983583154889365,978.0
3,0.5450017787264319,0.8650479954827781,0.6687036228721082,1771.0
4,0.7825,0.405440414507772,0.5341296928327646,772.0
accuracy,0.601209982354424,0.601209982354424,0.601209982354424,0.601209982354424
macro avg,0.703896401808948,0.5565855769627764,0.5877497691591711,3967.0
weighted avg,0.6291478017650266,0.601209982354424,0.5715731767555079,3967.0
