,precision,recall,f1-score,support
1,0.822429906542056,0.7892376681614349,0.8054919908466819,446.0
2,0.46496815286624205,0.22392638036809817,0.30227743271221535,978.0
3,0.5658379373848987,0.6939582156973462,0.6233832107532337,1771.0
4,0.38504464285714285,0.44689119170984454,0.4136690647482014,772.0
accuracy,0.5407108646332242,0.5407108646332242,0.5407108646332242,0.5407108646332242
macro avg,0.559570159912585,0.5385033639841809,0.5362054247650831,3967.0
weighted avg,0.5346347474704592,0.5407108646332242,0.5238822640130464,3967.0
