,precision,recall,f1-score,support
1,0.9486486486486486,0.7869955156950673,0.8602941176470589,446.0
2,0.570694087403599,0.22699386503067484,0.3247988295537673,978.0
3,0.5623014472290858,0.8994918125352908,0.6920069504778453,1771.0
4,0.832,0.40414507772020725,0.5440278988666085,772.0
accuracy,0.624653390471389,0.624653390471389,0.624653390471389,0.624653390471389
macro avg,0.7284110458203333,0.5794065677453101,0.60528194913632,3967.0
weighted avg,0.6602913984927472,0.624653390471389,0.5916002719928053,3967.0
