,precision,recall,f1-score,support
1,0.9413333333333334,0.7914798206278026,0.8599269183922047,446.0
2,0.5761421319796954,0.23210633946830267,0.3309037900874636,978.0
3,0.5631033249910619,0.8893280632411067,0.6895796847635728,1771.0
4,0.8029925187032418,0.4170984455958549,0.5490196078431373,772.0
accuracy,0.6244013108142173,0.6244013108142173,0.6244013108142173,0.6244013108142173
macro avg,0.7208928272518331,0.5825031672332668,0.6073575002715945,3967.0
weighted avg,0.6555250528714097,0.6244013108142173,0.5929518707536304,3967.0
